{
    "CameraDesc": {
        "m_distance": 60.0,
        "m_shakeTime": 0.5,
        "m_shakePeriodTime": 0.2,
        "m_shakeDegree": 0.8,
        "distanceMin": 25.0,
        "distanceMax": 70.0,
        "vEye": {
            "x": 12.603992462158203,
            "y": 7.390332221984863,
            "z": 18.249507904052734,
            "w": 1.0
        },
        "vAt": {
            "x": 12.656137466430664,
            "y": 6.453113555908203,
            "z": 17.904678344726563,
            "w": 1.0
        },
        "vAxisY": {
            "x": 0.0,
            "y": 1.0,
            "z": 0.0,
            "w": 0.0
        },
        "fAspect": 1.9322034120559692,
        "fFovy": 1.0471975803375244,
        "fNear": 0.20000000298023224,
        "fFar": 300.0,
        "TransformDesc": {
            "RotationPerSec": 3.1415927410125732,
            "SpeedPerSec": 20.0
        }
    }
}