{
    "CameraDesc": {
        "vEye": {
            "x": 23.29219627380371,
            "y": 6.53302526473999,
            "z": 23.342416763305664,
            "w": 1.0
        },
        "vAt": {
            "x": 23.285579681396484,
            "y": 5.562417507171631,
            "z": 23.10184097290039,
            "w": 1.0
        },
        "vAxisY": {
            "x": 0.0,
            "y": 1.0,
            "z": 0.0,
            "w": 0.0
        },
        "fAspect": 1.9322034120559692,
        "fFovy": 1.0471975803375244,
        "fNear": 0.20000000298023224,
        "fFar": 300.0,
        "TransformDesc": {
            "RotationPerSec": 3.1415927410125732,
            "SpeedPerSec": 20.0
        }
    }
}