{
    "CameraDesc": {
        "vEye": {
            "x": 1.4012064933776855,
            "y": 3.1438188552856445,
            "z": 2.0101988315582275,
            "w": 1.0
        },
        "vAt": {
            "x": 1.4567619562149048,
            "y": 2.293483257293701,
            "z": 1.4868967533111572,
            "w": 1.0
        },
        "vAxisY": {
            "x": 0.0,
            "y": 1.0,
            "z": 0.0,
            "w": 0.0
        },
        "fAspect": 1.9322034120559692,
        "fFovy": 1.0471975803375244,
        "fNear": 0.20000000298023224,
        "fFar": 300.0,
        "TransformDesc": {
            "RotationPerSec": 3.1415927410125732,
            "SpeedPerSec": 20.0
        }
    }
}