{
    "CameraDesc": {
        "leftMaxMove": 0.4,
        "rightMaxMove": 0.4,
        "upMaxMove": 0.4,
        "downMaxMove": 0.4,
        "leftMoveStart_MousePos": 250,
        "rightMoveStart_MousePos": 550,
        "upMoveStart_MousePos": 100,
        "downMoveStart_MousePos": 300,
        "moveSpeed": 0.5,
        "vEye": {
            "x": 17.96442222595215,
            "y": 6.53302526473999,
            "z": 23.001779556274414,
            "w": 1.0
        },
        "vAt": {
            "x": 18.135692596435547,
            "y": 5.606605529785156,
            "z": 22.6664981842041,
            "w": 1.0
        },
        "vAxisY": {
            "x": 0.0,
            "y": 1.0,
            "z": 0.0,
            "w": 0.0
        },
        "fAspect": 1.9322034120559692,
        "fFovy": 1.0471975803375244,
        "fNear": 0.20000000298023224,
        "fFar": 300.0,
        "TransformDesc": {
            "RotationPerSec": 3.1415927410125732,
            "SpeedPerSec": 20.0
        }
    }
}