{
    "CameraDesc": {
        "vEye": {
            "x": 10.11777400970459,
            "y": 8.376703262329102,
            "z": 14.424057006835938,
            "w": 1.0
        },
        "vAt": {
            "x": 10.650406837463379,
            "y": 8.165389060974121,
            "z": 15.243598937988281,
            "w": 1.0
        },
        "vAxisY": {
            "x": 0.0,
            "y": 1.0,
            "z": 0.0,
            "w": 0.0
        },
        "fAspect": 1.9322034120559692,
        "fFovy": 1.0471975803375244,
        "fNear": 0.20000000298023224,
        "fFar": 300.0,
        "TransformDesc": {
            "RotationPerSec": 3.1415927410125732,
            "SpeedPerSec": 20.0
        }
    }
}