{
    "CameraDesc": {
        "vEye": {
            "x": 12.499570846557617,
            "y": 9.267134666442871,
            "z": 18.94003677368164,
            "w": 1.0
        },
        "vAt": {
            "x": 12.551715850830078,
            "y": 8.32991886138916,
            "z": 18.59520721435547,
            "w": 1.0
        },
        "vAxisY": {
            "x": 0.0,
            "y": 1.0,
            "z": 0.0,
            "w": 0.0
        },
        "fAspect": 1.9322034120559692,
        "fFovy": 1.0471975803375244,
        "fNear": 0.20000000298023224,
        "fFar": 300.0,
        "TransformDesc": {
            "RotationPerSec": 3.1415927410125732,
            "SpeedPerSec": 20.0
        }
    }
}