{
    "CameraDesc": {
        "vEye": {
            "x": 12.603992462158203,
            "y": 7.390332221984863,
            "z": 18.249507904052734,
            "w": 1.0
        },
        "vAt": {
            "x": 12.14765453338623,
            "y": 6.530314922332764,
            "z": 18.021198272705078,
            "w": 1.0
        },
        "vAxisY": {
            "x": 0.0,
            "y": 1.0,
            "z": 0.0,
            "w": 0.0
        },
        "fAspect": 1.9322034120559692,
        "fFovy": 1.0471975803375244,
        "fNear": 0.20000000298023224,
        "fFar": 300.0,
        "TransformDesc": {
            "RotationPerSec": 3.1415927410125732,
            "SpeedPerSec": 20.0
        }
    }
}