{
    "CameraDesc": {
        "vEye": {
            "x": 17.292434692382813,
            "y": 19.555171966552734,
            "z": 24.39173698425293,
            "w": 1.0
        },
        "vAt": {
            "x": 17.38040542602539,
            "y": 18.60060691833496,
            "z": 24.107013702392578,
            "w": 1.0
        },
        "vAxisY": {
            "x": 0.0,
            "y": 1.0,
            "z": 0.0,
            "w": 0.0
        },
        "fAspect": 1.9322034120559692,
        "fFovy": 1.0471975803375244,
        "fNear": 0.20000000298023224,
        "fFar": 300.0,
        "TransformDesc": {
            "RotationPerSec": 3.1415927410125732,
            "SpeedPerSec": 20.0
        }
    }
}