{
    "CameraDesc": {
        "leftMaxMove": 0.4,
        "rightMaxMove": 0.4,
        "upMaxMove": 0.4,
        "downMaxMove": 0.4,
        "leftMoveStart_MousePos": 250,
        "rightMoveStart_MousePos": 550,
        "upMoveStart_MousePos": 100,
        "downMoveStart_MousePos": 300,
        "moveSpeed": 0.5,
        "vEye": {
            "x": 18.253108978271484,
            "y": 6.790933609008789,
            "z": 22.43662452697754,
            "w": 1.0
        },
        "vAt": {
            "x": 18.424379348754883,
            "y": 5.864514350891113,
            "z": 22.101343154907227,
            "w": 1.0
        },
        "vAxisY": {
            "x": 0.0,
            "y": 1.0,
            "z": 0.0,
            "w": 0.0
        },
        "fAspect": 1.9322034120559692,
        "fFovy": 1.0471975803375244,
        "fNear": 0.20000000298023224,
        "fFar": 300.0,
        "TransformDesc": {
            "RotationPerSec": 3.1415927410125732,
            "SpeedPerSec": 20.0
        }
    }
}