{
    "CameraDesc": {
        "vEye": {
            "x": 1.1149492263793945,
            "y": 14.85521125793457,
            "z": -3.6506810188293457,
            "w": 1.0
        },
        "vAt": {
            "x": 1.2819513082504272,
            "y": 14.396559715270996,
            "z": -2.7778987884521484,
            "w": 1.0
        },
        "vAxisY": {
            "x": 0.0,
            "y": 1.0,
            "z": 0.0,
            "w": 0.0
        },
        "fAspect": 1.9322034120559692,
        "fFovy": 1.0471975803375244,
        "fNear": 0.20000000298023224,
        "fFar": 300.0,
        "TransformDesc": {
            "RotationPerSec": 3.1415927410125732,
            "SpeedPerSec": 20.0
        }
    }
}