{
    "CameraDesc": {
        "vEye": {
            "x": 21.492382049560547,
            "y": 18.912555694580078,
            "z": 25.479427337646484,
            "w": 1.0
        },
        "vAt": {
            "x": 21.580352783203125,
            "y": 17.957990646362305,
            "z": 25.194704055786133,
            "w": 1.0
        },
        "vAxisY": {
            "x": 0.0,
            "y": 1.0,
            "z": 0.0,
            "w": 0.0
        },
        "fAspect": 1.9322034120559692,
        "fFovy": 1.0471975803375244,
        "fNear": 0.20000000298023224,
        "fFar": 300.0,
        "TransformDesc": {
            "RotationPerSec": 3.1415927410125732,
            "SpeedPerSec": 20.0
        }
    }
}