{
    "CameraDesc": {
        "vEye": {
            "x": 94.63837432861328,
            "y": 32.16464614868164,
            "z": 25.871097564697266,
            "w": 1.0
        },
        "vAt": {
            "x": 93.97539520263672,
            "y": 31.52598762512207,
            "z": 26.261701583862305,
            "w": 1.0
        },
        "vAxisY": {
            "x": 0.0,
            "y": 1.0,
            "z": 0.0,
            "w": 0.0
        },
        "fAspect": 1.9322034120559692,
        "fFovy": 1.0471975803375244,
        "fNear": 0.20000000298023224,
        "fFar": 300.0,
        "TransformDesc": {
            "RotationPerSec": 3.1415927410125732,
            "SpeedPerSec": 20.0
        }
    }
}