{
    "CameraDesc": {
        "vEye": {
            "x": 51.458866119384766,
            "y": 21.983551025390625,
            "z": 50.8366813659668,
            "w": 1.0
        },
        "vAt": {
            "x": 51.48735427856445,
            "y": 21.94720458984375,
            "z": 49.83774948120117,
            "w": 1.0
        },
        "vAxisY": {
            "x": 0.0,
            "y": 1.0,
            "z": 0.0,
            "w": 0.0
        },
        "fAspect": 1.9322034120559692,
        "fFovy": 1.0471975803375244,
        "fNear": 0.20000000298023224,
        "fFar": 300.0,
        "TransformDesc": {
            "RotationPerSec": 3.1415927410125732,
            "SpeedPerSec": 20.0
        }
    }
}