{
    "CameraDesc": {
        "vEye": {
            "x": 3.15268611907959,
            "y": 2.563547372817993,
            "z": -16.48290252685547,
            "w": 1.0
        },
        "vAt": {
            "x": 3.075594663619995,
            "y": 2.4982662200927734,
            "z": -15.488017082214355,
            "w": 1.0
        },
        "vAxisY": {
            "x": 0.0,
            "y": 1.0,
            "z": 0.0,
            "w": 0.0
        },
        "fAspect": 1.9322034120559692,
        "fFovy": 1.0471975803375244,
        "fNear": 0.20000000298023224,
        "fFar": 300.0,
        "TransformDesc": {
            "RotationPerSec": 3.1415927410125732,
            "SpeedPerSec": 20.0
        }
    }
}