{
    "CameraDesc": {
        "leftMaxMove": 0.12,
        "rightMaxMove": 0.5,
        "upMaxMove": 0.12,
        "downMaxMove": 0.5,
        "leftMoveStart_MousePos": 250,
        "rightMoveStart_MousePos": 550,
        "upMoveStart_MousePos": 100,
        "downMoveStart_MousePos": 300,
        "moveSpeed": 0.5,
        "zoomSpeed": 0.5,
        "pokemonFocusOffset": {
            "x": -4.0,
            "y": -1.0,
            "z": 0.0,
            "w": 1.0
        },
        "lookTime": 1.0,
        "freeZoomDistance": 0.0,
        "vEye": {
            "x": 21.96623992919922,
            "y": 5.839999675750732,
            "z": 23.154775619506836,
            "w": 1.0
        },
        "vAt": {
            "x": 22.413291931152344,
            "y": 5.065218925476074,
            "z": 22.707719802856445,
            "w": 1.0
        },
        "vAxisY": {
            "x": 0.0,
            "y": 1.0,
            "z": 0.0,
            "w": 0.0
        },
        "fAspect": 1.9322034120559692,
        "fFovy": 1.0471975803375244,
        "fNear": 0.20000000298023224,
        "fFar": 300.0,
        "TransformDesc": {
            "RotationPerSec": 3.1415927410125732,
            "SpeedPerSec": 20.0
        }
    }
}