{
    "CameraDesc": {
        "leftMaxMove": 0.2,
        "rightMaxMove": 0.5,
        "upMaxMove": 0.2,
        "downMaxMove": 0.5,
        "leftMoveStart_MousePos": 250,
        "rightMoveStart_MousePos": 550,
        "upMoveStart_MousePos": 100,
        "downMoveStart_MousePos": 300,
        "moveSpeed": 0.5,
        "zoomSpeed": 0.5,
        "pokemonFocusOffset": {
            "x": -4.0,
            "y": -1.0,
            "z": 0.0,
            "w": 1.0
        },
        "lookTime": 1.0,
        "freeZoomDistance": 0.0,
        "vEye": {
            "x": 21.464287757873535,
            "y": 6.139999866485596,
            "z": 24.62046241760254,
            "w": 1.0
        },
        "vAt": {
            "x": 21.78593921661377,
            "y": 5.249449729919434,
            "z": 24.298809051513672,
            "w": 1.0
        },
        "vAxisY": {
            "x": 0.0,
            "y": 1.0,
            "z": 0.0,
            "w": 0.0
        },
        "fAspect": 1.9322034120559692,
        "fFovy": 1.0471975803375244,
        "fNear": 0.20000000298023224,
        "fFar": 300.0,
        "TransformDesc": {
            "RotationPerSec": 3.1415927410125732,
            "SpeedPerSec": 20.0
        }
    }
}